,code
0,sz000001
1,sz000002
2,sz000004
3,sz000005
4,sz000006
5,sz000007
6,sz000008
7,sz000009
8,sz000010
9,sz000011
10,sz000012
11,sz000014
12,sz000016
13,sz000017
14,sz000018
15,sz000019
16,sz000020
17,sz000021
18,sz000022
19,sz000023
20,sz000024
21,sz000025
22,sz000026
23,sz000027
24,sz000028
25,sz000029
26,sz000030
27,sz000031
28,sz000032
29,sz000033
30,sz000034
31,sz000035
32,sz000036
33,sz000037
34,sz000038
35,sz000039
36,sz000040
37,sz000042
38,sz000043
39,sz000045
40,sz000046
41,sz000048
42,sz000049
43,sz000050
44,sz000055
45,sz000056
46,sz000058
47,sz000059
48,sz000060
49,sz000061
50,sz000062
51,sz000063
52,sz000065
53,sz000066
54,sz000068
55,sz000069
56,sz000070
57,sz000078
58,sz000088
59,sz000089
60,sz000090
61,sz000096
62,sz000099
63,sz000100
64,sz000150
65,sz000151
66,sz000153
67,sz000155
68,sz000156
69,sz000157
70,sz000158
71,sz000159
72,sz000166
73,sz000301
74,sz000333
75,sz000338
76,sz000400
77,sz000401
78,sz000402
79,sz000403
80,sz000404
81,sz000406
82,sz000407
83,sz000408
84,sz000409
85,sz000410
86,sz000411
87,sz000413
88,sz000415
89,sz000416
90,sz000417
91,sz000418
92,sz000419
93,sz000420
94,sz000421
95,sz000422
96,sz000423
97,sz000425
98,sz000426
99,sz000428
100,sz000429
101,sz000430
102,sz000488
103,sz000498
104,sz000501
105,sz000502
106,sz000503
107,sz000504
108,sz000505
109,sz000506
110,sz000507
111,sz000509
112,sz000510
113,sz000511
114,sz000513
115,sz000514
116,sz000515
117,sz000516
118,sz000517
119,sz000518
120,sz000519
121,sz000520
122,sz000521
123,sz000522
124,sz000523
125,sz000524
126,sz000525
127,sz000526
128,sz000527
129,sz000528
130,sz000529
131,sz000530
132,sz000531
133,sz000532
134,sz000533
135,sz000534
136,sz000535
137,sz000536
138,sz000537
139,sz000538
140,sz000539
141,sz000540
142,sz000541
143,sz000543
144,sz000544
145,sz000545
146,sz000546
147,sz000547
148,sz000548
149,sz000549
150,sz000550
151,sz000551
152,sz000552
153,sz000553
154,sz000554
155,sz000555
156,sz000557
157,sz000558
158,sz000559
159,sz000560
160,sz000561
161,sz000562
162,sz000563
163,sz000564
164,sz000565
165,sz000566
166,sz000567
167,sz000568
168,sz000569
169,sz000570
170,sz000571
171,sz000572
172,sz000573
173,sz000576
174,sz000578
175,sz000581
176,sz000582
177,sz000583
178,sz000584
179,sz000585
180,sz000586
181,sz000587
182,sz000589
183,sz000590
184,sz000591
185,sz000592
186,sz000593
187,sz000594
188,sz000595
189,sz000596
190,sz000597
191,sz000598
192,sz000599
193,sz000600
194,sz000601
195,sz000602
196,sz000603
197,sz000605
198,sz000606
199,sz000607
200,sz000608
201,sz000609
202,sz000610
203,sz000611
204,sz000612
205,sz000613
206,sz000615
207,sz000616
208,sz000617
209,sz000618
210,sz000619
211,sz000620
212,sz000622
213,sz000623
214,sz000625
215,sz000626
216,sz000627
217,sz000628
218,sz000629
219,sz000630
220,sz000631
221,sz000632
222,sz000633
223,sz000635
224,sz000636
225,sz000637
226,sz000638
227,sz000639
228,sz000650
229,sz000651
230,sz000652
231,sz000655
232,sz000656
233,sz000657
234,sz000659
235,sz000661
236,sz000662
237,sz000663
238,sz000665
239,sz000666
240,sz000667
241,sz000668
242,sz000669
243,sz000670
244,sz000671
245,sz000672
246,sz000673
247,sz000676
248,sz000677
249,sz000678
250,sz000679
251,sz000680
252,sz000681
253,sz000682
254,sz000683
255,sz000685
256,sz000686
257,sz000687
258,sz000688
259,sz000690
260,sz000691
261,sz000692
262,sz000693
263,sz000695
264,sz000697
265,sz000698
266,sz000699
267,sz000700
268,sz000701
269,sz000702
270,sz000703
271,sz000705
272,sz000707
273,sz000708
274,sz000709
275,sz000710
276,sz000711
277,sz000712
278,sz000713
279,sz000715
280,sz000716
281,sz000717
282,sz000718
283,sz000719
284,sz000720
285,sz000721
286,sz000722
287,sz000723
288,sz000725
289,sz000726
290,sz000727
291,sz000728
292,sz000729
293,sz000731
294,sz000732
295,sz000733
296,sz000735
297,sz000736
298,sz000737
299,sz000738
300,sz000739
301,sz000748
302,sz000750
303,sz000751
304,sz000752
305,sz000753
306,sz000755
307,sz000756
308,sz000757
309,sz000758
310,sz000759
311,sz000760
312,sz000761
313,sz000762
314,sz000763
315,sz000765
316,sz000766
317,sz000767
318,sz000768
319,sz000769
320,sz000776
321,sz000777
322,sz000778
323,sz000779
324,sz000780
325,sz000782
326,sz000783
327,sz000785
328,sz000786
329,sz000787
330,sz000788
331,sz000789
332,sz000790
333,sz000791
334,sz000792
335,sz000793
336,sz000795
337,sz000796
338,sz000797
339,sz000798
340,sz000799
341,sz000800
342,sz000801
343,sz000802
344,sz000803
345,sz000805
346,sz000806
347,sz000807
348,sz000809
349,sz000810
350,sz000811
351,sz000812
352,sz000813
353,sz000815
354,sz000816
355,sz000817
356,sz000818
357,sz000819
358,sz000820
359,sz000821
360,sz000822
361,sz000823
362,sz000825
363,sz000826
364,sz000827
365,sz000828
366,sz000829
367,sz000830
368,sz000831
369,sz000832
370,sz000833
371,sz000835
372,sz000836
373,sz000837
374,sz000838
375,sz000839
376,sz000848
377,sz000850
378,sz000851
379,sz000852
380,sz000856
381,sz000858
382,sz000859
383,sz000860
384,sz000861
385,sz000862
386,sz000863
387,sz000866
388,sz000868
389,sz000869
390,sz000875
391,sz000876
392,sz000877
393,sz000878
394,sz000880
395,sz000881
396,sz000882
397,sz000883
398,sz000885
399,sz000886
400,sz000887
401,sz000888
402,sz000889
403,sz000890
404,sz000892
405,sz000893
406,sz000895
407,sz000897
408,sz000898
409,sz000899
410,sz000900
411,sz000901
412,sz000902
413,sz000903
414,sz000905
415,sz000906
416,sz000908
417,sz000909
418,sz000910
419,sz000911
420,sz000912
421,sz000913
422,sz000915
423,sz000916
424,sz000917
425,sz000918
426,sz000919
427,sz000920
428,sz000921
429,sz000922
430,sz000923
431,sz000925
432,sz000926
433,sz000927
434,sz000928
435,sz000929
436,sz000930
437,sz000931
438,sz000932
439,sz000933
440,sz000935
441,sz000936
442,sz000937
443,sz000938
444,sz000939
445,sz000948
446,sz000949
447,sz000950
448,sz000951
449,sz000952
450,sz000953
451,sz000955
452,sz000956
453,sz000957
454,sz000958
455,sz000959
456,sz000960
457,sz000961
458,sz000962
459,sz000963
460,sz000965
461,sz000966
462,sz000967
463,sz000968
464,sz000969
465,sz000970
466,sz000971
467,sz000972
468,sz000973
469,sz000975
470,sz000976
471,sz000977
472,sz000978
473,sz000979
474,sz000980
475,sz000981
476,sz000982
477,sz000983
478,sz000985
479,sz000987
480,sz000988
481,sz000989
482,sz000990
483,sz000993
484,sz000995
485,sz000996
486,sz000997
487,sz000998
488,sz000999
489,sz001696
490,sz001872
491,sz001896
492,sz001965
493,sz001979
494,sz002001
495,sz002002
496,sz002003
497,sz002004
498,sz002005
499,sz002006
500,sz002007
501,sz002008
502,sz002009
503,sz002010
504,sz002011
505,sz002012
506,sz002013
507,sz002014
508,sz002015
509,sz002016
510,sz002017
511,sz002018
512,sz002019
513,sz002020
514,sz002021
515,sz002022
516,sz002023
517,sz002024
518,sz002025
519,sz002026
520,sz002027
521,sz002028
522,sz002029
523,sz002030
524,sz002031
525,sz002032
526,sz002033
527,sz002034
528,sz002035
529,sz002036
530,sz002037
531,sz002038
532,sz002039
533,sz002040
534,sz002041
535,sz002042
536,sz002043
537,sz002044
538,sz002045
539,sz002046
540,sz002047
541,sz002048
542,sz002049
543,sz002050
544,sz002051
545,sz002052
546,sz002053
547,sz002054
548,sz002055
549,sz002056
550,sz002057
551,sz002058
552,sz002059
553,sz002060
554,sz002061
555,sz002062
556,sz002063
557,sz002064
558,sz002065
559,sz002066
560,sz002067
561,sz002068
562,sz002069
563,sz002070
564,sz002071
565,sz002072
566,sz002073
567,sz002074
568,sz002075
569,sz002076
570,sz002077
571,sz002078
572,sz002079
573,sz002080
574,sz002081
575,sz002082
576,sz002083
577,sz002084
578,sz002085
579,sz002086
580,sz002087
581,sz002088
582,sz002089
583,sz002090
584,sz002091
585,sz002092
586,sz002093
587,sz002094
588,sz002095
589,sz002096
590,sz002097
591,sz002098
592,sz002099
593,sz002100
594,sz002101
595,sz002102
596,sz002103
597,sz002104
598,sz002105
599,sz002106
600,sz002107
601,sz002108
602,sz002109
603,sz002110
604,sz002111
605,sz002112
606,sz002113
607,sz002114
608,sz002115
609,sz002116
610,sz002117
611,sz002118
612,sz002119
613,sz002120
614,sz002121
615,sz002122
616,sz002123
617,sz002124
618,sz002125
619,sz002126
620,sz002127
621,sz002128
622,sz002129
623,sz002130
624,sz002131
625,sz002132
626,sz002133
627,sz002134
628,sz002135
629,sz002136
630,sz002137
631,sz002138
632,sz002139
633,sz002140
634,sz002141
635,sz002142
636,sz002143
637,sz002144
638,sz002145
639,sz002146
640,sz002147
641,sz002148
642,sz002149
643,sz002150
644,sz002151
645,sz002152
646,sz002153
647,sz002154
648,sz002155
649,sz002156
650,sz002157
651,sz002158
652,sz002159
653,sz002160
654,sz002161
655,sz002162
656,sz002163
657,sz002164
658,sz002165
659,sz002166
660,sz002167
661,sz002168
662,sz002169
663,sz002170
664,sz002171
665,sz002172
666,sz002173
667,sz002174
668,sz002175
669,sz002176
670,sz002177
671,sz002178
672,sz002179
673,sz002180
674,sz002181
675,sz002182
676,sz002183
677,sz002184
678,sz002185
679,sz002186
680,sz002187
681,sz002188
682,sz002189
683,sz002190
684,sz002191
685,sz002192
686,sz002193
687,sz002194
688,sz002195
689,sz002196
690,sz002197
691,sz002198
692,sz002199
693,sz002200
694,sz002201
695,sz002202
696,sz002203
697,sz002204
698,sz002205
699,sz002206
700,sz002207
701,sz002208
702,sz002209
703,sz002210
704,sz002211
705,sz002212
706,sz002213
707,sz002214
708,sz002215
709,sz002216
710,sz002217
711,sz002218
712,sz002219
713,sz002220
714,sz002221
715,sz002222
716,sz002223
717,sz002224
718,sz002225
719,sz002226
720,sz002227
721,sz002228
722,sz002229
723,sz002230
724,sz002231
725,sz002232
726,sz002233
727,sz002234
728,sz002235
729,sz002236
730,sz002237
731,sz002238
732,sz002239
733,sz002240
734,sz002241
735,sz002242
736,sz002243
737,sz002244
738,sz002245
739,sz002246
740,sz002247
741,sz002248
742,sz002249
743,sz002250
744,sz002251
745,sz002252
746,sz002253
747,sz002254
748,sz002255
749,sz002256
750,sz002258
751,sz002259
752,sz002260
753,sz002261
754,sz002262
755,sz002263
756,sz002264
757,sz002265
758,sz002266
759,sz002267
760,sz002268
761,sz002269
762,sz002270
763,sz002271
764,sz002272
765,sz002273
766,sz002274
767,sz002275
768,sz002276
769,sz002277
770,sz002278
771,sz002279
772,sz002280
773,sz002281
774,sz002282
775,sz002283
776,sz002284
777,sz002285
778,sz002286
779,sz002287
780,sz002288
781,sz002289
782,sz002290
783,sz002291
784,sz002292
785,sz002293
786,sz002294
787,sz002295
788,sz002296
789,sz002297
790,sz002298
791,sz002299
792,sz002300
793,sz002301
794,sz002302
795,sz002303
796,sz002304
797,sz002305
798,sz002306
799,sz002307
800,sz002308
801,sz002309
802,sz002310
803,sz002311
804,sz002312
805,sz002313
806,sz002314
807,sz002315
808,sz002316
809,sz002317
810,sz002318
811,sz002319
812,sz002320
813,sz002321
814,sz002322
815,sz002323
816,sz002324
817,sz002325
818,sz002326
819,sz002327
820,sz002328
821,sz002329
822,sz002330
823,sz002331
824,sz002332
825,sz002333
826,sz002334
827,sz002335
828,sz002336
829,sz002337
830,sz002338
831,sz002339
832,sz002340
833,sz002341
834,sz002342
835,sz002343
836,sz002344
837,sz002345
838,sz002346
839,sz002347
840,sz002348
841,sz002349
842,sz002350
843,sz002351
844,sz002352
845,sz002353
846,sz002354
847,sz002355
848,sz002356
849,sz002357
850,sz002358
851,sz002359
852,sz002360
853,sz002361
854,sz002362
855,sz002363
856,sz002364
857,sz002365
858,sz002366
859,sz002367
860,sz002368
861,sz002369
862,sz002370
863,sz002371
864,sz002372
865,sz002373
866,sz002374
867,sz002375
868,sz002376
869,sz002377
870,sz002378
871,sz002379
872,sz002380
873,sz002381
874,sz002382
875,sz002383
876,sz002384
877,sz002385
878,sz002386
879,sz002387
880,sz002388
881,sz002389
882,sz002390
883,sz002391
884,sz002392
885,sz002393
886,sz002394
887,sz002395
888,sz002396
889,sz002397
890,sz002398
891,sz002399
892,sz002400
893,sz002401
894,sz002402
895,sz002403
896,sz002404
897,sz002405
898,sz002406
899,sz002407
900,sz002408
901,sz002409
902,sz002410
903,sz002411
904,sz002412
905,sz002413
906,sz002414
907,sz002415
908,sz002416
909,sz002417
910,sz002418
911,sz002419
912,sz002420
913,sz002421
914,sz002422
915,sz002423
916,sz002424
917,sz002425
918,sz002426
919,sz002427
920,sz002428
921,sz002429
922,sz002430
923,sz002431
924,sz002432
925,sz002433
926,sz002434
927,sz002435
928,sz002436
929,sz002437
930,sz002438
931,sz002439
932,sz002440
933,sz002441
934,sz002442
935,sz002443
936,sz002444
937,sz002445
938,sz002446
939,sz002447
940,sz002448
941,sz002449
942,sz002450
943,sz002451
944,sz002452
945,sz002453
946,sz002454
947,sz002455
948,sz002456
949,sz002457
950,sz002458
951,sz002459
952,sz002460
953,sz002461
954,sz002462
955,sz002463
956,sz002464
957,sz002465
958,sz002466
959,sz002467
960,sz002468
961,sz002469
962,sz002470
963,sz002471
964,sz002472
965,sz002473
966,sz002474
967,sz002475
968,sz002476
969,sz002477
970,sz002478
971,sz002479
972,sz002480
973,sz002481
974,sz002482
975,sz002483
976,sz002484
977,sz002485
978,sz002486
979,sz002487
980,sz002488
981,sz002489
982,sz002490
983,sz002491
984,sz002492
985,sz002493
986,sz002494
987,sz002495
988,sz002496
989,sz002497
990,sz002498
991,sz002499
992,sz002500
993,sz002501
994,sz002502
995,sz002503
996,sz002504
997,sz002505
998,sz002506
999,sz002507
1000,sz002508
1001,sz002509
1002,sz002510
1003,sz002511
1004,sz002512
1005,sz002513
1006,sz002514
1007,sz002515
1008,sz002516
1009,sz002517
1010,sz002518
1011,sz002519
1012,sz002520
1013,sz002521
1014,sz002522
1015,sz002523
1016,sz002524
1017,sz002526
1018,sz002527
1019,sz002528
1020,sz002529
1021,sz002530
1022,sz002531
1023,sz002532
1024,sz002533
1025,sz002534
1026,sz002535
1027,sz002536
1028,sz002537
1029,sz002538
1030,sz002539
1031,sz002540
1032,sz002541
1033,sz002542
1034,sz002543
1035,sz002544
1036,sz002545
1037,sz002546
1038,sz002547
1039,sz002548
1040,sz002549
1041,sz002550
1042,sz002551
1043,sz002552
1044,sz002553
1045,sz002554
1046,sz002555
1047,sz002556
1048,sz002557
1049,sz002558
1050,sz002559
1051,sz002560
1052,sz002561
1053,sz002562
1054,sz002563
1055,sz002564
1056,sz002565
1057,sz002566
1058,sz002567
1059,sz002568
1060,sz002569
1061,sz002570
1062,sz002571
1063,sz002572
1064,sz002573
1065,sz002574
1066,sz002575
1067,sz002576
1068,sz002577
1069,sz002578
1070,sz002579
1071,sz002580
1072,sz002581
1073,sz002582
1074,sz002583
1075,sz002584
1076,sz002585
1077,sz002586
1078,sz002587
1079,sz002588
1080,sz002589
1081,sz002590
1082,sz002591
1083,sz002592
1084,sz002593
1085,sz002594
1086,sz002595
1087,sz002596
1088,sz002597
1089,sz002598
1090,sz002599
1091,sz002600
1092,sz002601
1093,sz002602
1094,sz002603
1095,sz002604
1096,sz002605
1097,sz002606
1098,sz002607
1099,sz002608
1100,sz002609
1101,sz002610
1102,sz002611
1103,sz002612
1104,sz002613
1105,sz002614
1106,sz002615
1107,sz002616
1108,sz002617
1109,sz002618
1110,sz002619
1111,sz002620
1112,sz002621
1113,sz002622
1114,sz002623
1115,sz002624
1116,sz002625
1117,sz002626
1118,sz002627
1119,sz002628
1120,sz002629
1121,sz002630
1122,sz002631
1123,sz002632
1124,sz002633
1125,sz002634
1126,sz002635
1127,sz002636
1128,sz002637
1129,sz002638
1130,sz002639
1131,sz002640
1132,sz002641
1133,sz002642
1134,sz002643
1135,sz002644
1136,sz002645
1137,sz002646
1138,sz002647
1139,sz002648
1140,sz002649
1141,sz002650
1142,sz002651
1143,sz002652
1144,sz002653
1145,sz002654
1146,sz002655
1147,sz002656
1148,sz002657
1149,sz002658
1150,sz002659
1151,sz002660
1152,sz002661
1153,sz002662
1154,sz002663
1155,sz002664
1156,sz002665
1157,sz002666
1158,sz002667
1159,sz002668
1160,sz002669
1161,sz002670
1162,sz002671
1163,sz002672
1164,sz002673
1165,sz002674
1166,sz002675
1167,sz002676
1168,sz002677
1169,sz002678
1170,sz002679
1171,sz002680
1172,sz002681
1173,sz002682
1174,sz002683
1175,sz002684
1176,sz002685
1177,sz002686
1178,sz002687
1179,sz002688
1180,sz002689
1181,sz002690
1182,sz002691
1183,sz002692
1184,sz002693
1185,sz002694
1186,sz002695
1187,sz002696
1188,sz002697
1189,sz002698
1190,sz002699
1191,sz002700
1192,sz002701
1193,sz002702
1194,sz002703
1195,sz002705
1196,sz002706
1197,sz002707
1198,sz002708
1199,sz002709
1200,sz002711
1201,sz002712
1202,sz002713
1203,sz002714
1204,sz002715
1205,sz002716
1206,sz002717
1207,sz002718
1208,sz002719
1209,sz002721
1210,sz002722
1211,sz002723
1212,sz002724
1213,sz002725
1214,sz002726
1215,sz002727
1216,sz002728
1217,sz002729
1218,sz002730
1219,sz002731
1220,sz002732
1221,sz002733
1222,sz002734
1223,sz002735
1224,sz002736
1225,sz002737
1226,sz002738
1227,sz002739
1228,sz002740
1229,sz002741
1230,sz002742
1231,sz002743
1232,sz002745
1233,sz002746
1234,sz002747
1235,sz002748
1236,sz002749
1237,sz002750
1238,sz002751
1239,sz002752
1240,sz002753
1241,sz002755
1242,sz002756
1243,sz002757
1244,sz002758
1245,sz002759
1246,sz002760
1247,sz002761
1248,sz002762
1249,sz002763
1250,sz002765
1251,sz002766
1252,sz002767
1253,sz002768
1254,sz002769
1255,sz002770
1256,sz002771
1257,sz002772
1258,sz002773
1259,sz002774
1260,sz002775
1261,sz002776
1262,sz002777
1263,sz002778
1264,sz002779
1265,sz002780
1266,sz002781
1267,sz002782
1268,sz002783
1269,sz002785
1270,sz002786
1271,sz002787
1272,sz002788
1273,sz002789
1274,sz002790
1275,sz002791
1276,sz002792
1277,sz002793
1278,sz002795
1279,sz002796
1280,sz002797
1281,sz002798
1282,sz002799
1283,sz002800
1284,sz002801
1285,sz002802
1286,sz002803
1287,sz002805
1288,sz002806
1289,sz002807
1290,sz002808
1291,sz002809
1292,sz002810
1293,sz002811
1294,sz002812
1295,sz002813
1296,sz002815
1297,sz002816
1298,sz002817
1299,sz002818
1300,sz002819
1301,sz002820
1302,sz002821
1303,sz002822
1304,sz002823
1305,sz002824
1306,sz002825
1307,sz002826
1308,sz002827
1309,sz002828
1310,sz002829
1311,sz002830
1312,sz002831
1313,sz002832
1314,sz002833
1315,sz002835
1316,sz002836
1317,sz002837
1318,sz002838
1319,sz002839
1320,sz002840
1321,sz002841
1322,sz002842
1323,sz002843
1324,sz002845
1325,sz002846
1326,sz002847
1327,sz002848
1328,sz002849
1329,sz002850
1330,sz002851
1331,sz002852
1332,sz002853
1333,sz002855
1334,sz002856
1335,sz002857
1336,sz002858
1337,sz002859
1338,sz002860
1339,sz002861
1340,sz002862
1341,sz002863
1342,sz002864
1343,sz002865
1344,sz002866
1345,sz002867
1346,sz002868
1347,sz002869
1348,sz002870
1349,sz002871
1350,sz002872
1351,sz002873
1352,sz002875
1353,sz002876
1354,sz002877
1355,sz002878
1356,sz002879
1357,sz002880
1358,sz002881
1359,sz002882
1360,sz002883
1361,sz002884
1362,sz002885
1363,sz002886
1364,sz002887
1365,sz002888
1366,sz002889
1367,sz002890
1368,sz002891
1369,sz002892
1370,sz002893
1371,sz002895
1372,sz002896
1373,sz002897
1374,sz002898
1375,sz002899
1376,sz002900
1377,sz002901
1378,sz002902
1379,sz002903
1380,sz002905
1381,sz002906
1382,sz002907
1383,sz002908
1384,sz002909
1385,sz002910
1386,sz002911
1387,sz002912
1388,sz002913
1389,sz002915
1390,sz002916
1391,sz002917
1392,sz002918
1393,sz002919
1394,sz002920
1395,sz002921
1396,sz002922
1397,sz002923
1398,sz002925
1399,sz002926
1400,sz002927
1401,sz002928
1402,sz002929
1403,sz002930
1404,sz002931
1405,sz002932
1406,sz002933
1407,sz002935
1408,sz002936
1409,sz002937
1410,sz002938
1411,sz002939
1412,sz002940
1413,sz002941
1414,sz002942
1415,sz002943
1416,sz002945
1417,sz002946
1418,sz002947
1419,sz002948
1420,sz002949
1421,sz002950
1422,sz002951
1423,sz002952
1424,sz002953
1425,sz002955
1426,sz002956
1427,sz002957
1428,sz002958
1429,sz002960
1430,sz002966
1431,sz300001
1432,sz300002
1433,sz300003
1434,sz300004
1435,sz300005
1436,sz300006
1437,sz300007
1438,sz300008
1439,sz300009
1440,sz300010
1441,sz300011
1442,sz300012
1443,sz300013
1444,sz300014
1445,sz300015
1446,sz300016
1447,sz300017
1448,sz300018
1449,sz300019
1450,sz300020
1451,sz300021
1452,sz300022
1453,sz300023
1454,sz300024
1455,sz300025
1456,sz300026
1457,sz300027
1458,sz300028
1459,sz300029
1460,sz300030
1461,sz300031
1462,sz300032
1463,sz300033
1464,sz300034
1465,sz300035
1466,sz300036
1467,sz300037
1468,sz300038
1469,sz300039
1470,sz300040
1471,sz300041
1472,sz300042
1473,sz300043
1474,sz300044
1475,sz300045
1476,sz300046
1477,sz300047
1478,sz300048
1479,sz300049
1480,sz300050
1481,sz300051
1482,sz300052
1483,sz300053
1484,sz300054
1485,sz300055
1486,sz300056
1487,sz300057
1488,sz300058
1489,sz300059
1490,sz300061
1491,sz300062
1492,sz300063
1493,sz300064
1494,sz300065
1495,sz300066
1496,sz300067
1497,sz300068
1498,sz300069
1499,sz300070
1500,sz300071
1501,sz300072
1502,sz300073
1503,sz300074
1504,sz300075
1505,sz300076
1506,sz300077
1507,sz300078
1508,sz300079
1509,sz300080
1510,sz300081
1511,sz300082
1512,sz300083
1513,sz300084
1514,sz300085
1515,sz300086
1516,sz300087
1517,sz300088
1518,sz300089
1519,sz300090
1520,sz300091
1521,sz300092
1522,sz300093
1523,sz300094
1524,sz300095
1525,sz300096
1526,sz300097
1527,sz300098
1528,sz300099
1529,sz300100
1530,sz300101
1531,sz300102
1532,sz300103
1533,sz300104
1534,sz300105
1535,sz300106
1536,sz300107
1537,sz300108
1538,sz300109
1539,sz300110
1540,sz300111
1541,sz300112
1542,sz300113
1543,sz300114
1544,sz300115
1545,sz300116
1546,sz300117
1547,sz300118
1548,sz300119
1549,sz300120
1550,sz300121
1551,sz300122
1552,sz300123
1553,sz300124
1554,sz300125
1555,sz300126
1556,sz300127
1557,sz300128
1558,sz300129
1559,sz300130
1560,sz300131
1561,sz300132
1562,sz300133
1563,sz300134
1564,sz300135
1565,sz300136
1566,sz300137
1567,sz300138
1568,sz300139
1569,sz300140
1570,sz300141
1571,sz300142
1572,sz300143
1573,sz300144
1574,sz300145
1575,sz300146
1576,sz300147
1577,sz300148
1578,sz300149
1579,sz300150
1580,sz300151
1581,sz300152
1582,sz300153
1583,sz300154
1584,sz300155
1585,sz300156
1586,sz300157
1587,sz300158
1588,sz300159
1589,sz300160
1590,sz300161
1591,sz300162
1592,sz300163
1593,sz300164
1594,sz300165
1595,sz300166
1596,sz300167
1597,sz300168
1598,sz300169
1599,sz300170
1600,sz300171
1601,sz300172
1602,sz300173
1603,sz300174
1604,sz300175
1605,sz300176
1606,sz300177
1607,sz300178
1608,sz300179
1609,sz300180
1610,sz300181
1611,sz300182
1612,sz300183
1613,sz300184
1614,sz300185
1615,sz300186
1616,sz300187
1617,sz300188
1618,sz300189
1619,sz300190
1620,sz300191
1621,sz300192
1622,sz300193
1623,sz300194
1624,sz300195
1625,sz300196
1626,sz300197
1627,sz300198
1628,sz300199
1629,sz300200
1630,sz300201
1631,sz300202
1632,sz300203
1633,sz300204
1634,sz300205
1635,sz300206
1636,sz300207
1637,sz300208
1638,sz300209
1639,sz300210
1640,sz300211
1641,sz300212
1642,sz300213
1643,sz300214
1644,sz300215
1645,sz300216
1646,sz300217
1647,sz300218
1648,sz300219
1649,sz300220
1650,sz300221
1651,sz300222
1652,sz300223
1653,sz300224
1654,sz300225
1655,sz300226
1656,sz300227
1657,sz300228
1658,sz300229
1659,sz300230
1660,sz300231
1661,sz300232
1662,sz300233
1663,sz300234
1664,sz300235
1665,sz300236
1666,sz300237
1667,sz300238
1668,sz300239
1669,sz300240
1670,sz300241
1671,sz300242
1672,sz300243
1673,sz300244
1674,sz300245
1675,sz300246
1676,sz300247
1677,sz300248
1678,sz300249
1679,sz300250
1680,sz300251
1681,sz300252
1682,sz300253
1683,sz300254
1684,sz300255
1685,sz300256
1686,sz300257
1687,sz300258
1688,sz300259
1689,sz300260
1690,sz300261
1691,sz300262
1692,sz300263
1693,sz300264
1694,sz300265
1695,sz300266
1696,sz300267
1697,sz300268
1698,sz300269
1699,sz300270
1700,sz300271
1701,sz300272
1702,sz300273
1703,sz300274
1704,sz300275
1705,sz300276
1706,sz300277
1707,sz300278
1708,sz300279
1709,sz300280
1710,sz300281
1711,sz300282
1712,sz300283
1713,sz300284
1714,sz300285
1715,sz300286
1716,sz300287
1717,sz300288
1718,sz300289
1719,sz300290
1720,sz300291
1721,sz300292
1722,sz300293
1723,sz300294
1724,sz300295
1725,sz300296
1726,sz300297
1727,sz300298
1728,sz300299
1729,sz300300
1730,sz300301
1731,sz300302
1732,sz300303
1733,sz300304
1734,sz300305
1735,sz300306
1736,sz300307
1737,sz300308
1738,sz300309
1739,sz300310
1740,sz300311
1741,sz300312
1742,sz300313
1743,sz300314
1744,sz300315
1745,sz300316
1746,sz300317
1747,sz300318
1748,sz300319
1749,sz300320
1750,sz300321
1751,sz300322
1752,sz300323
1753,sz300324
1754,sz300325
1755,sz300326
1756,sz300327
1757,sz300328
1758,sz300329
1759,sz300330
1760,sz300331
1761,sz300332
1762,sz300333
1763,sz300334
1764,sz300335
1765,sz300336
1766,sz300337
1767,sz300338
1768,sz300339
1769,sz300340
1770,sz300341
1771,sz300342
1772,sz300343
1773,sz300344
1774,sz300345
1775,sz300346
1776,sz300347
1777,sz300348
1778,sz300349
1779,sz300350
1780,sz300351
1781,sz300352
1782,sz300353
1783,sz300354
1784,sz300355
1785,sz300356
1786,sz300357
1787,sz300358
1788,sz300359
1789,sz300360
1790,sz300362
1791,sz300363
1792,sz300364
1793,sz300365
1794,sz300366
1795,sz300367
1796,sz300368
1797,sz300369
1798,sz300370
1799,sz300371
1800,sz300372
1801,sz300373
1802,sz300374
1803,sz300375
1804,sz300376
1805,sz300377
1806,sz300378
1807,sz300379
1808,sz300380
1809,sz300381
1810,sz300382
1811,sz300383
1812,sz300384
1813,sz300385
1814,sz300386
1815,sz300387
1816,sz300388
1817,sz300389
1818,sz300390
1819,sz300391
1820,sz300392
1821,sz300393
1822,sz300394
1823,sz300395
1824,sz300396
1825,sz300397
1826,sz300398
1827,sz300399
1828,sz300400
1829,sz300401
1830,sz300402
1831,sz300403
1832,sz300404
1833,sz300405
1834,sz300406
1835,sz300407
1836,sz300408
1837,sz300409
1838,sz300410
1839,sz300411
1840,sz300412
1841,sz300413
1842,sz300414
1843,sz300415
1844,sz300416
1845,sz300417
1846,sz300418
1847,sz300419
1848,sz300420
1849,sz300421
1850,sz300422
1851,sz300423
1852,sz300424
1853,sz300425
1854,sz300426
1855,sz300427
1856,sz300428
1857,sz300429
1858,sz300430
1859,sz300431
1860,sz300432
1861,sz300433
1862,sz300434
1863,sz300435
1864,sz300436
1865,sz300437
1866,sz300438
1867,sz300439
1868,sz300440
1869,sz300441
1870,sz300442
1871,sz300443
1872,sz300444
1873,sz300445
1874,sz300446
1875,sz300447
1876,sz300448
1877,sz300449
1878,sz300450
1879,sz300451
1880,sz300452
1881,sz300453
1882,sz300454
1883,sz300455
1884,sz300456
1885,sz300457
1886,sz300458
1887,sz300459
1888,sz300460
1889,sz300461
1890,sz300462
1891,sz300463
1892,sz300464
1893,sz300465
1894,sz300466
1895,sz300467
1896,sz300468
1897,sz300469
1898,sz300470
1899,sz300471
1900,sz300472
1901,sz300473
1902,sz300474
1903,sz300475
1904,sz300476
1905,sz300477
1906,sz300478
1907,sz300479
1908,sz300480
1909,sz300481
1910,sz300482
1911,sz300483
1912,sz300484
1913,sz300485
1914,sz300486
1915,sz300487
1916,sz300488
1917,sz300489
1918,sz300490
1919,sz300491
1920,sz300492
1921,sz300493
1922,sz300494
1923,sz300495
1924,sz300496
1925,sz300497
1926,sz300498
1927,sz300499
1928,sz300500
1929,sz300501
1930,sz300502
1931,sz300503
1932,sz300504
1933,sz300505
1934,sz300506
1935,sz300507
1936,sz300508
1937,sz300509
1938,sz300510
1939,sz300511
1940,sz300512
1941,sz300513
1942,sz300514
1943,sz300515
1944,sz300516
1945,sz300517
1946,sz300518
1947,sz300519
1948,sz300520
1949,sz300521
1950,sz300522
1951,sz300523
1952,sz300525
1953,sz300526
1954,sz300527
1955,sz300528
1956,sz300529
1957,sz300530
1958,sz300531
1959,sz300532
1960,sz300533
1961,sz300534
1962,sz300535
1963,sz300536
1964,sz300537
1965,sz300538
1966,sz300539
1967,sz300540
1968,sz300541
1969,sz300542
1970,sz300543
1971,sz300545
1972,sz300546
1973,sz300547
1974,sz300548
1975,sz300549
1976,sz300550
1977,sz300551
1978,sz300552
1979,sz300553
1980,sz300554
1981,sz300555
1982,sz300556
1983,sz300557
1984,sz300558
1985,sz300559
1986,sz300560
1987,sz300561
1988,sz300562
1989,sz300563
1990,sz300565
1991,sz300566
1992,sz300567
1993,sz300568
1994,sz300569
1995,sz300570
1996,sz300571
1997,sz300572
1998,sz300573
1999,sz300575
2000,sz300576
2001,sz300577
2002,sz300578
2003,sz300579
2004,sz300580
2005,sz300581
2006,sz300582
2007,sz300583
2008,sz300584
2009,sz300585
2010,sz300586
2011,sz300587
2012,sz300588
2013,sz300589
2014,sz300590
2015,sz300591
2016,sz300592
2017,sz300593
2018,sz300594
2019,sz300595
2020,sz300596
2021,sz300597
2022,sz300598
2023,sz300599
2024,sz300600
2025,sz300601
2026,sz300602
2027,sz300603
2028,sz300604
2029,sz300605
2030,sz300606
2031,sz300607
2032,sz300608
2033,sz300609
2034,sz300610
2035,sz300611
2036,sz300612
2037,sz300613
2038,sz300615
2039,sz300616
2040,sz300617
2041,sz300618
2042,sz300619
2043,sz300620
2044,sz300621
2045,sz300622
2046,sz300623
2047,sz300624
2048,sz300625
2049,sz300626
2050,sz300627
2051,sz300628
2052,sz300629
2053,sz300630
2054,sz300631
2055,sz300632
2056,sz300633
2057,sz300634
2058,sz300635
2059,sz300636
2060,sz300637
2061,sz300638
2062,sz300639
2063,sz300640
2064,sz300641
2065,sz300642
2066,sz300643
2067,sz300644
2068,sz300645
2069,sz300647
2070,sz300648
2071,sz300649
2072,sz300650
2073,sz300651
2074,sz300652
2075,sz300653
2076,sz300654
2077,sz300655
2078,sz300656
2079,sz300657
2080,sz300658
2081,sz300659
2082,sz300660
2083,sz300661
2084,sz300662
2085,sz300663
2086,sz300664
2087,sz300665
2088,sz300666
2089,sz300667
2090,sz300668
2091,sz300669
2092,sz300670
2093,sz300671
2094,sz300672
2095,sz300673
2096,sz300674
2097,sz300675
2098,sz300676
2099,sz300677
2100,sz300678
2101,sz300679
2102,sz300680
2103,sz300681
2104,sz300682
2105,sz300683
2106,sz300684
2107,sz300685
2108,sz300686
2109,sz300687
2110,sz300688
2111,sz300689
2112,sz300690
2113,sz300691
2114,sz300692
2115,sz300693
2116,sz300694
2117,sz300695
2118,sz300696
2119,sz300697
2120,sz300698
2121,sz300699
2122,sz300700
2123,sz300701
2124,sz300702
2125,sz300703
2126,sz300705
2127,sz300706
2128,sz300707
2129,sz300708
2130,sz300709
2131,sz300710
2132,sz300711
2133,sz300712
2134,sz300713
2135,sz300715
2136,sz300716
2137,sz300717
2138,sz300718
2139,sz300719
2140,sz300720
2141,sz300721
2142,sz300722
2143,sz300723
2144,sz300724
2145,sz300725
2146,sz300726
2147,sz300727
2148,sz300729
2149,sz300730
2150,sz300731
2151,sz300732
2152,sz300733
2153,sz300735
2154,sz300736
2155,sz300737
2156,sz300738
2157,sz300739
2158,sz300740
2159,sz300741
2160,sz300742
2161,sz300743
2162,sz300745
2163,sz300746
2164,sz300747
2165,sz300748
2166,sz300749
2167,sz300750
2168,sz300751
2169,sz300752
2170,sz300753
2171,sz300755
2172,sz300756
2173,sz300757
2174,sz300758
2175,sz300759
2176,sz300760
2177,sz300761
2178,sz300762
2179,sz300763
2180,sz300765
2181,sz300766
2182,sz300767
2183,sz300768
2184,sz300769
2185,sz300770
2186,sz300771
2187,sz300772
2188,sz300773
2189,sz300775
2190,sz300776
2191,sz300777
2192,sz300778
2193,sz300779
2194,sz300780
2195,sz300781
2196,sz300782
2197,sz300783
2198,sz300785
2199,sz300786
2200,sz300788
2201,sh600000
2202,sh600001
2203,sh600002
2204,sh600003
2205,sh600004
2206,sh600005
2207,sh600006
2208,sh600007
2209,sh600008
2210,sh600009
2211,sh600010
2212,sh600011
2213,sh600012
2214,sh600015
2215,sh600016
2216,sh600017
2217,sh600018
2218,sh600019
2219,sh600020
2220,sh600021
2221,sh600022
2222,sh600023
2223,sh600025
2224,sh600026
2225,sh600027
2226,sh600028
2227,sh600029
2228,sh600030
2229,sh600031
2230,sh600033
2231,sh600035
2232,sh600036
2233,sh600037
2234,sh600038
2235,sh600039
2236,sh600048
2237,sh600050
2238,sh600051
2239,sh600052
2240,sh600053
2241,sh600054
2242,sh600055
2243,sh600056
2244,sh600057
2245,sh600058
2246,sh600059
2247,sh600060
2248,sh600061
2249,sh600062
2250,sh600063
2251,sh600064
2252,sh600065
2253,sh600066
2254,sh600067
2255,sh600068
2256,sh600069
2257,sh600070
2258,sh600071
2259,sh600072
2260,sh600073
2261,sh600074
2262,sh600075
2263,sh600076
2264,sh600077
2265,sh600078
2266,sh600079
2267,sh600080
2268,sh600081
2269,sh600082
2270,sh600083
2271,sh600084
2272,sh600085
2273,sh600086
2274,sh600087
2275,sh600088
2276,sh600089
2277,sh600090
2278,sh600091
2279,sh600092
2280,sh600093
2281,sh600094
2282,sh600095
2283,sh600096
2284,sh600097
2285,sh600098
2286,sh600099
2287,sh600100
2288,sh600101
2289,sh600102
2290,sh600103
2291,sh600104
2292,sh600105
2293,sh600106
2294,sh600107
2295,sh600108
2296,sh600109
2297,sh600110
2298,sh600111
2299,sh600112
2300,sh600113
2301,sh600114
2302,sh600115
2303,sh600116
2304,sh600117
2305,sh600118
2306,sh600119
2307,sh600120
2308,sh600121
2309,sh600122
2310,sh600123
2311,sh600125
2312,sh600126
2313,sh600127
2314,sh600128
2315,sh600129
2316,sh600130
2317,sh600131
2318,sh600132
2319,sh600133
2320,sh600135
2321,sh600136
2322,sh600137
2323,sh600138
2324,sh600139
2325,sh600141
2326,sh600143
2327,sh600145
2328,sh600146
2329,sh600148
2330,sh600149
2331,sh600150
2332,sh600151
2333,sh600152
2334,sh600153
2335,sh600155
2336,sh600156
2337,sh600157
2338,sh600158
2339,sh600159
2340,sh600160
2341,sh600161
2342,sh600162
2343,sh600163
2344,sh600165
2345,sh600166
2346,sh600167
2347,sh600168
2348,sh600169
2349,sh600170
2350,sh600171
2351,sh600172
2352,sh600173
2353,sh600175
2354,sh600176
2355,sh600177
2356,sh600178
2357,sh600179
2358,sh600180
2359,sh600181
2360,sh600182
2361,sh600183
2362,sh600184
2363,sh600185
2364,sh600186
2365,sh600187
2366,sh600188
2367,sh600189
2368,sh600190
2369,sh600191
2370,sh600192
2371,sh600193
2372,sh600195
2373,sh600196
2374,sh600197
2375,sh600198
2376,sh600199
2377,sh600200
2378,sh600201
2379,sh600202
2380,sh600203
2381,sh600205
2382,sh600206
2383,sh600207
2384,sh600208
2385,sh600209
2386,sh600210
2387,sh600211
2388,sh600212
2389,sh600213
2390,sh600215
2391,sh600216
2392,sh600217
2393,sh600218
2394,sh600219
2395,sh600220
2396,sh600221
2397,sh600222
2398,sh600223
2399,sh600225
2400,sh600226
2401,sh600227
2402,sh600228
2403,sh600229
2404,sh600230
2405,sh600231
2406,sh600232
2407,sh600233
2408,sh600234
2409,sh600235
2410,sh600236
2411,sh600237
2412,sh600238
2413,sh600239
2414,sh600240
2415,sh600241
2416,sh600242
2417,sh600243
2418,sh600246
2419,sh600247
2420,sh600248
2421,sh600249
2422,sh600250
2423,sh600251
2424,sh600252
2425,sh600253
2426,sh600255
2427,sh600256
2428,sh600257
2429,sh600258
2430,sh600259
2431,sh600260
2432,sh600261
2433,sh600262
2434,sh600263
2435,sh600265
2436,sh600266
2437,sh600267
2438,sh600268
2439,sh600269
2440,sh600270
2441,sh600271
2442,sh600272
2443,sh600273
2444,sh600275
2445,sh600276
2446,sh600277
2447,sh600278
2448,sh600279
2449,sh600280
2450,sh600281
2451,sh600282
2452,sh600283
2453,sh600284
2454,sh600285
2455,sh600286
2456,sh600287
2457,sh600288
2458,sh600289
2459,sh600290
2460,sh600291
2461,sh600292
2462,sh600293
2463,sh600295
2464,sh600296
2465,sh600297
2466,sh600298
2467,sh600299
2468,sh600300
2469,sh600301
2470,sh600302
2471,sh600303
2472,sh600305
2473,sh600306
2474,sh600307
2475,sh600308
2476,sh600309
2477,sh600310
2478,sh600311
2479,sh600312
2480,sh600313
2481,sh600315
2482,sh600316
2483,sh600317
2484,sh600318
2485,sh600319
2486,sh600320
2487,sh600321
2488,sh600322
2489,sh600323
2490,sh600325
2491,sh600326
2492,sh600327
2493,sh600328
2494,sh600329
2495,sh600330
2496,sh600331
2497,sh600332
2498,sh600333
2499,sh600335
2500,sh600336
2501,sh600337
2502,sh600338
2503,sh600339
2504,sh600340
2505,sh600343
2506,sh600345
2507,sh600346
2508,sh600348
2509,sh600350
2510,sh600351
2511,sh600352
2512,sh600353
2513,sh600354
2514,sh600355
2515,sh600356
2516,sh600357
2517,sh600358
2518,sh600359
2519,sh600360
2520,sh600361
2521,sh600362
2522,sh600363
2523,sh600365
2524,sh600366
2525,sh600367
2526,sh600368
2527,sh600369
2528,sh600370
2529,sh600371
2530,sh600372
2531,sh600373
2532,sh600375
2533,sh600376
2534,sh600377
2535,sh600378
2536,sh600379
2537,sh600380
2538,sh600381
2539,sh600382
2540,sh600383
2541,sh600385
2542,sh600386
2543,sh600387
2544,sh600388
2545,sh600389
2546,sh600390
2547,sh600391
2548,sh600392
2549,sh600393
2550,sh600395
2551,sh600396
2552,sh600397
2553,sh600398
2554,sh600399
2555,sh600400
2556,sh600401
2557,sh600403
2558,sh600405
2559,sh600406
2560,sh600408
2561,sh600409
2562,sh600410
2563,sh600415
2564,sh600416
2565,sh600418
2566,sh600419
2567,sh600420
2568,sh600421
2569,sh600422
2570,sh600423
2571,sh600425
2572,sh600426
2573,sh600428
2574,sh600429
2575,sh600432
2576,sh600433
2577,sh600435
2578,sh600436
2579,sh600438
2580,sh600439
2581,sh600444
2582,sh600446
2583,sh600448
2584,sh600449
2585,sh600452
2586,sh600455
2587,sh600456
2588,sh600458
2589,sh600459
2590,sh600460
2591,sh600461
2592,sh600462
2593,sh600463
2594,sh600466
2595,sh600467
2596,sh600468
2597,sh600469
2598,sh600470
2599,sh600472
2600,sh600475
2601,sh600476
2602,sh600477
2603,sh600478
2604,sh600479
2605,sh600480
2606,sh600481
2607,sh600482
2608,sh600483
2609,sh600485
2610,sh600486
2611,sh600487
2612,sh600488
2613,sh600489
2614,sh600490
2615,sh600491
2616,sh600493
2617,sh600495
2618,sh600496
2619,sh600497
2620,sh600498
2621,sh600499
2622,sh600500
2623,sh600501
2624,sh600502
2625,sh600503
2626,sh600505
2627,sh600506
2628,sh600507
2629,sh600508
2630,sh600509
2631,sh600510
2632,sh600511
2633,sh600512
2634,sh600513
2635,sh600515
2636,sh600516
2637,sh600517
2638,sh600518
2639,sh600519
2640,sh600520
2641,sh600521
2642,sh600522
2643,sh600523
2644,sh600525
2645,sh600526
2646,sh600527
2647,sh600528
2648,sh600529
2649,sh600530
2650,sh600531
2651,sh600532
2652,sh600533
2653,sh600535
2654,sh600536
2655,sh600537
2656,sh600538
2657,sh600539
2658,sh600540
2659,sh600543
2660,sh600545
2661,sh600546
2662,sh600547
2663,sh600548
2664,sh600549
2665,sh600550
2666,sh600551
2667,sh600552
2668,sh600553
2669,sh600555
2670,sh600556
2671,sh600557
2672,sh600558
2673,sh600559
2674,sh600560
2675,sh600561
2676,sh600562
2677,sh600563
2678,sh600565
2679,sh600566
2680,sh600567
2681,sh600568
2682,sh600569
2683,sh600570
2684,sh600571
2685,sh600572
2686,sh600573
2687,sh600575
2688,sh600576
2689,sh600577
2690,sh600578
2691,sh600579
2692,sh600580
2693,sh600581
2694,sh600582
2695,sh600583
2696,sh600584
2697,sh600585
2698,sh600586
2699,sh600587
2700,sh600588
2701,sh600589
2702,sh600590
2703,sh600591
2704,sh600592
2705,sh600593
2706,sh600594
2707,sh600595
2708,sh600596
2709,sh600597
2710,sh600598
2711,sh600599
2712,sh600600
2713,sh600601
2714,sh600602
2715,sh600603
2716,sh600604
2717,sh600605
2718,sh600606
2719,sh600607
2720,sh600608
2721,sh600609
2722,sh600610
2723,sh600611
2724,sh600612
2725,sh600613
2726,sh600614
2727,sh600615
2728,sh600616
2729,sh600617
2730,sh600618
2731,sh600619
2732,sh600620
2733,sh600621
2734,sh600622
2735,sh600623
2736,sh600624
2737,sh600626
2738,sh600627
2739,sh600628
2740,sh600629
2741,sh600630
2742,sh600631
2743,sh600633
2744,sh600634
2745,sh600635
2746,sh600636
2747,sh600637
2748,sh600638
2749,sh600639
2750,sh600640
2751,sh600641
2752,sh600642
2753,sh600643
2754,sh600644
2755,sh600645
2756,sh600647
2757,sh600648
2758,sh600649
2759,sh600650
2760,sh600651
2761,sh600652
2762,sh600653
2763,sh600654
2764,sh600655
2765,sh600656
2766,sh600657
2767,sh600658
2768,sh600659
2769,sh600660
2770,sh600661
2771,sh600662
2772,sh600663
2773,sh600664
2774,sh600665
2775,sh600666
2776,sh600667
2777,sh600668
2778,sh600671
2779,sh600672
2780,sh600673
2781,sh600674
2782,sh600675
2783,sh600676
2784,sh600677
2785,sh600678
2786,sh600679
2787,sh600680
2788,sh600681
2789,sh600682
2790,sh600683
2791,sh600684
2792,sh600685
2793,sh600686
2794,sh600687
2795,sh600688
2796,sh600689
2797,sh600690
2798,sh600691
2799,sh600692
2800,sh600693
2801,sh600694
2802,sh600695
2803,sh600696
2804,sh600697
2805,sh600698
2806,sh600699
2807,sh600700
2808,sh600701
2809,sh600702
2810,sh600703
2811,sh600704
2812,sh600705
2813,sh600706
2814,sh600707
2815,sh600708
2816,sh600710
2817,sh600711
2818,sh600712
2819,sh600713
2820,sh600714
2821,sh600715
2822,sh600716
2823,sh600717
2824,sh600718
2825,sh600719
2826,sh600720
2827,sh600721
2828,sh600722
2829,sh600723
2830,sh600724
2831,sh600725
2832,sh600726
2833,sh600727
2834,sh600728
2835,sh600729
2836,sh600730
2837,sh600731
2838,sh600732
2839,sh600733
2840,sh600734
2841,sh600735
2842,sh600736
2843,sh600737
2844,sh600738
2845,sh600739
2846,sh600740
2847,sh600741
2848,sh600742
2849,sh600743
2850,sh600744
2851,sh600745
2852,sh600746
2853,sh600747
2854,sh600748
2855,sh600749
2856,sh600750
2857,sh600751
2858,sh600752
2859,sh600753
2860,sh600754
2861,sh600755
2862,sh600756
2863,sh600757
2864,sh600758
2865,sh600759
2866,sh600760
2867,sh600761
2868,sh600762
2869,sh600763
2870,sh600764
2871,sh600765
2872,sh600766
2873,sh600767
2874,sh600768
2875,sh600769
2876,sh600770
2877,sh600771
2878,sh600772
2879,sh600773
2880,sh600774
2881,sh600775
2882,sh600776
2883,sh600777
2884,sh600778
2885,sh600779
2886,sh600780
2887,sh600781
2888,sh600782
2889,sh600783
2890,sh600784
2891,sh600785
2892,sh600786
2893,sh600787
2894,sh600788
2895,sh600789
2896,sh600790
2897,sh600791
2898,sh600792
2899,sh600793
2900,sh600794
2901,sh600795
2902,sh600796
2903,sh600797
2904,sh600798
2905,sh600799
2906,sh600800
2907,sh600801
2908,sh600802
2909,sh600803
2910,sh600804
2911,sh600805
2912,sh600806
2913,sh600807
2914,sh600808
2915,sh600809
2916,sh600810
2917,sh600811
2918,sh600812
2919,sh600814
2920,sh600815
2921,sh600816
2922,sh600817
2923,sh600818
2924,sh600819
2925,sh600820
2926,sh600821
2927,sh600822
2928,sh600823
2929,sh600824
2930,sh600825
2931,sh600826
2932,sh600827
2933,sh600828
2934,sh600829
2935,sh600830
2936,sh600831
2937,sh600832
2938,sh600833
2939,sh600834
2940,sh600835
2941,sh600836
2942,sh600837
2943,sh600838
2944,sh600839
2945,sh600840
2946,sh600841
2947,sh600842
2948,sh600843
2949,sh600844
2950,sh600845
2951,sh600846
2952,sh600847
2953,sh600848
2954,sh600849
2955,sh600850
2956,sh600851
2957,sh600852
2958,sh600853
2959,sh600854
2960,sh600855
2961,sh600856
2962,sh600857
2963,sh600858
2964,sh600859
2965,sh600860
2966,sh600861
2967,sh600862
2968,sh600863
2969,sh600864
2970,sh600865
2971,sh600866
2972,sh600867
2973,sh600868
2974,sh600869
2975,sh600870
2976,sh600871
2977,sh600872
2978,sh600873
2979,sh600874
2980,sh600875
2981,sh600876
2982,sh600877
2983,sh600879
2984,sh600880
2985,sh600881
2986,sh600882
2987,sh600883
2988,sh600884
2989,sh600885
2990,sh600886
2991,sh600887
2992,sh600888
2993,sh600889
2994,sh600890
2995,sh600891
2996,sh600892
2997,sh600893
2998,sh600894
2999,sh600895
3000,sh600896
3001,sh600897
3002,sh600898
3003,sh600899
3004,sh600900
3005,sh600901
3006,sh600903
3007,sh600908
3008,sh600909
3009,sh600917
3010,sh600919
3011,sh600926
3012,sh600928
3013,sh600929
3014,sh600933
3015,sh600936
3016,sh600939
3017,sh600958
3018,sh600959
3019,sh600960
3020,sh600961
3021,sh600962
3022,sh600963
3023,sh600965
3024,sh600966
3025,sh600967
3026,sh600968
3027,sh600969
3028,sh600970
3029,sh600971
3030,sh600973
3031,sh600975
3032,sh600976
3033,sh600977
3034,sh600978
3035,sh600979
3036,sh600980
3037,sh600981
3038,sh600982
3039,sh600983
3040,sh600984
3041,sh600985
3042,sh600986
3043,sh600987
3044,sh600988
3045,sh600989
3046,sh600990
3047,sh600991
3048,sh600992
3049,sh600993
3050,sh600995
3051,sh600996
3052,sh600997
3053,sh600998
3054,sh600999
3055,sh601000
3056,sh601001
3057,sh601002
3058,sh601003
3059,sh601005
3060,sh601006
3061,sh601007
3062,sh601008
3063,sh601009
3064,sh601010
3065,sh601011
3066,sh601012
3067,sh601015
3068,sh601016
3069,sh601018
3070,sh601019
3071,sh601020
3072,sh601021
3073,sh601028
3074,sh601038
3075,sh601058
3076,sh601066
3077,sh601068
3078,sh601069
3079,sh601086
3080,sh601088
3081,sh601098
3082,sh601099
3083,sh601100
3084,sh601101
3085,sh601106
3086,sh601107
3087,sh601108
3088,sh601111
3089,sh601113
3090,sh601116
3091,sh601117
3092,sh601118
3093,sh601126
3094,sh601127
3095,sh601128
3096,sh601137
3097,sh601138
3098,sh601139
3099,sh601155
3100,sh601158
3101,sh601162
3102,sh601163
3103,sh601166
3104,sh601168
3105,sh601169
3106,sh601177
3107,sh601179
3108,sh601186
3109,sh601188
3110,sh601198
3111,sh601199
3112,sh601200
3113,sh601208
3114,sh601211
3115,sh601212
3116,sh601216
3117,sh601218
3118,sh601222
3119,sh601225
3120,sh601226
3121,sh601228
3122,sh601229
3123,sh601231
3124,sh601233
3125,sh601236
3126,sh601238
3127,sh601258
3128,sh601268
3129,sh601288
3130,sh601298
3131,sh601299
3132,sh601311
3133,sh601313
3134,sh601318
3135,sh601319
3136,sh601326
3137,sh601328
3138,sh601330
3139,sh601333
3140,sh601336
3141,sh601339
3142,sh601360
3143,sh601366
3144,sh601368
3145,sh601369
3146,sh601375
3147,sh601377
3148,sh601388
3149,sh601390
3150,sh601398
3151,sh601500
3152,sh601515
3153,sh601518
3154,sh601519
3155,sh601555
3156,sh601558
3157,sh601566
3158,sh601567
3159,sh601577
3160,sh601579
3161,sh601588
3162,sh601595
3163,sh601598
3164,sh601599
3165,sh601600
3166,sh601601
3167,sh601606
3168,sh601607
3169,sh601608
3170,sh601611
3171,sh601615
3172,sh601616
3173,sh601618
3174,sh601619
3175,sh601628
3176,sh601633
3177,sh601636
3178,sh601666
3179,sh601668
3180,sh601669
3181,sh601677
3182,sh601678
3183,sh601688
3184,sh601689
3185,sh601698
3186,sh601699
3187,sh601700
3188,sh601717
3189,sh601718
3190,sh601727
3191,sh601766
3192,sh601777
3193,sh601788
3194,sh601789
3195,sh601798
3196,sh601799
3197,sh601800
3198,sh601801
3199,sh601808
3200,sh601811
3201,sh601818
3202,sh601828
3203,sh601838
3204,sh601857
3205,sh601858
3206,sh601860
3207,sh601865
3208,sh601866
3209,sh601869
3210,sh601872
3211,sh601877
3212,sh601878
3213,sh601880
3214,sh601881
3215,sh601882
3216,sh601886
3217,sh601888
3218,sh601890
3219,sh601898
3220,sh601899
3221,sh601900
3222,sh601901
3223,sh601908
3224,sh601918
3225,sh601919
3226,sh601928
3227,sh601929
3228,sh601933
3229,sh601939
3230,sh601949
3231,sh601952
3232,sh601958
3233,sh601965
3234,sh601966
3235,sh601968
3236,sh601969
3237,sh601975
3238,sh601985
3239,sh601988
3240,sh601989
3241,sh601990
3242,sh601991
3243,sh601992
3244,sh601996
3245,sh601997
3246,sh601998
3247,sh601999
3248,sh603000
3249,sh603001
3250,sh603002
3251,sh603003
3252,sh603005
3253,sh603006
3254,sh603007
3255,sh603008
3256,sh603009
3257,sh603010
3258,sh603011
3259,sh603012
3260,sh603013
3261,sh603015
3262,sh603016
3263,sh603017
3264,sh603018
3265,sh603019
3266,sh603020
3267,sh603021
3268,sh603022
3269,sh603023
3270,sh603025
3271,sh603026
3272,sh603027
3273,sh603028
3274,sh603029
3275,sh603030
3276,sh603031
3277,sh603032
3278,sh603033
3279,sh603035
3280,sh603036
3281,sh603037
3282,sh603038
3283,sh603039
3284,sh603040
3285,sh603041
3286,sh603042
3287,sh603043
3288,sh603045
3289,sh603050
3290,sh603055
3291,sh603056
3292,sh603058
3293,sh603059
3294,sh603060
3295,sh603063
3296,sh603066
3297,sh603067
3298,sh603068
3299,sh603069
3300,sh603076
3301,sh603077
3302,sh603078
3303,sh603079
3304,sh603080
3305,sh603081
3306,sh603083
3307,sh603085
3308,sh603086
3309,sh603088
3310,sh603089
3311,sh603090
3312,sh603096
3313,sh603098
3314,sh603099
3315,sh603100
3316,sh603101
3317,sh603103
3318,sh603105
3319,sh603106
3320,sh603108
3321,sh603110
3322,sh603111
3323,sh603113
3324,sh603115
3325,sh603116
3326,sh603117
3327,sh603118
3328,sh603121
3329,sh603123
3330,sh603126
3331,sh603127
3332,sh603128
3333,sh603129
3334,sh603131
3335,sh603133
3336,sh603136
3337,sh603138
3338,sh603139
3339,sh603156
3340,sh603157
3341,sh603158
3342,sh603159
3343,sh603160
3344,sh603161
3345,sh603165
3346,sh603166
3347,sh603167
3348,sh603168
3349,sh603169
3350,sh603177
3351,sh603178
3352,sh603179
3353,sh603180
3354,sh603181
3355,sh603183
3356,sh603185
3357,sh603186
3358,sh603187
3359,sh603188
3360,sh603189
3361,sh603192
3362,sh603196
3363,sh603197
3364,sh603198
3365,sh603199
3366,sh603200
3367,sh603203
3368,sh603208
3369,sh603214
3370,sh603217
3371,sh603218
3372,sh603220
3373,sh603222
3374,sh603223
3375,sh603225
3376,sh603226
3377,sh603227
3378,sh603228
3379,sh603229
3380,sh603232
3381,sh603233
3382,sh603236
3383,sh603238
3384,sh603239
3385,sh603256
3386,sh603258
3387,sh603259
3388,sh603260
3389,sh603266
3390,sh603267
3391,sh603268
3392,sh603269
3393,sh603277
3394,sh603278
3395,sh603279
3396,sh603283
3397,sh603286
3398,sh603288
3399,sh603289
3400,sh603297
3401,sh603298
3402,sh603299
3403,sh603300
3404,sh603301
3405,sh603303
3406,sh603305
3407,sh603306
3408,sh603308
3409,sh603309
3410,sh603311
3411,sh603313
3412,sh603315
3413,sh603316
3414,sh603317
3415,sh603318
3416,sh603319
3417,sh603320
3418,sh603321
3419,sh603322
3420,sh603323
3421,sh603326
3422,sh603327
3423,sh603328
3424,sh603329
3425,sh603330
3426,sh603331
3427,sh603332
3428,sh603333
3429,sh603335
3430,sh603336
3431,sh603337
3432,sh603338
3433,sh603339
3434,sh603345
3435,sh603348
3436,sh603351
3437,sh603355
3438,sh603356
3439,sh603357
3440,sh603358
3441,sh603359
3442,sh603360
3443,sh603363
3444,sh603365
3445,sh603366
3446,sh603367
3447,sh603368
3448,sh603369
3449,sh603377
3450,sh603378
3451,sh603379
3452,sh603380
3453,sh603383
3454,sh603385
3455,sh603386
3456,sh603387
3457,sh603388
3458,sh603389
3459,sh603393
3460,sh603396
3461,sh603398
3462,sh603399
3463,sh603416
3464,sh603421
3465,sh603429
3466,sh603444
3467,sh603456
3468,sh603458
3469,sh603466
3470,sh603477
3471,sh603486
3472,sh603488
3473,sh603496
3474,sh603499
3475,sh603500
3476,sh603501
3477,sh603505
3478,sh603506
3479,sh603507
3480,sh603508
3481,sh603515
3482,sh603516
3483,sh603517
3484,sh603518
3485,sh603519
3486,sh603520
3487,sh603527
3488,sh603528
3489,sh603530
3490,sh603533
3491,sh603535
3492,sh603536
3493,sh603538
3494,sh603555
3495,sh603556
3496,sh603557
3497,sh603558
3498,sh603559
3499,sh603566
3500,sh603567
3501,sh603568
3502,sh603569
3503,sh603577
3504,sh603578
3505,sh603579
3506,sh603580
3507,sh603583
3508,sh603585
3509,sh603586
3510,sh603587
3511,sh603588
3512,sh603589
3513,sh603590
3514,sh603595
3515,sh603596
3516,sh603598
3517,sh603599
3518,sh603600
3519,sh603601
3520,sh603602
3521,sh603603
3522,sh603605
3523,sh603606
3524,sh603607
3525,sh603608
3526,sh603609
3527,sh603611
3528,sh603612
3529,sh603613
3530,sh603615
3531,sh603616
3532,sh603617
3533,sh603618
3534,sh603619
3535,sh603626
3536,sh603628
3537,sh603629
3538,sh603630
3539,sh603633
3540,sh603636
3541,sh603637
3542,sh603638
3543,sh603639
3544,sh603648
3545,sh603650
3546,sh603655
3547,sh603656
3548,sh603657
3549,sh603658
3550,sh603659
3551,sh603660
3552,sh603661
3553,sh603662
3554,sh603663
3555,sh603665
3556,sh603666
3557,sh603667
3558,sh603668
3559,sh603669
3560,sh603676
3561,sh603677
3562,sh603678
3563,sh603679
3564,sh603680
3565,sh603681
3566,sh603683
3567,sh603685
3568,sh603686
3569,sh603687
3570,sh603688
3571,sh603689
3572,sh603690
3573,sh603693
3574,sh603696
3575,sh603697
3576,sh603698
3577,sh603699
3578,sh603700
3579,sh603701
3580,sh603703
3581,sh603706
3582,sh603707
3583,sh603708
3584,sh603709
3585,sh603711
3586,sh603712
3587,sh603713
3588,sh603716
3589,sh603717
3590,sh603718
3591,sh603721
3592,sh603722
3593,sh603725
3594,sh603726
3595,sh603727
3596,sh603728
3597,sh603729
3598,sh603730
3599,sh603733
3600,sh603737
3601,sh603738
3602,sh603739
3603,sh603757
3604,sh603758
3605,sh603766
3606,sh603767
3607,sh603768
3608,sh603773
3609,sh603776
3610,sh603777
3611,sh603778
3612,sh603779
3613,sh603787
3614,sh603788
3615,sh603789
3616,sh603790
3617,sh603797
3618,sh603798
3619,sh603799
3620,sh603800
3621,sh603801
3622,sh603803
3623,sh603806
3624,sh603808
3625,sh603809
3626,sh603810
3627,sh603811
3628,sh603813
3629,sh603816
3630,sh603817
3631,sh603818
3632,sh603819
3633,sh603822
3634,sh603823
3635,sh603825
3636,sh603826
3637,sh603828
3638,sh603829
3639,sh603833
3640,sh603838
3641,sh603839
3642,sh603843
3643,sh603848
3644,sh603855
3645,sh603856
3646,sh603858
3647,sh603859
3648,sh603860
3649,sh603861
3650,sh603863
3651,sh603866
3652,sh603867
3653,sh603868
3654,sh603869
3655,sh603871
3656,sh603876
3657,sh603877
3658,sh603878
3659,sh603879
3660,sh603880
3661,sh603881
3662,sh603882
3663,sh603883
3664,sh603885
3665,sh603886
3666,sh603887
3667,sh603888
3668,sh603889
3669,sh603890
3670,sh603895
3671,sh603896
3672,sh603897
3673,sh603898
3674,sh603899
3675,sh603900
3676,sh603901
3677,sh603903
3678,sh603906
3679,sh603908
3680,sh603909
3681,sh603912
3682,sh603915
3683,sh603916
3684,sh603917
3685,sh603918
3686,sh603919
3687,sh603920
3688,sh603922
3689,sh603926
3690,sh603928
3691,sh603929
3692,sh603933
3693,sh603936
3694,sh603937
3695,sh603938
3696,sh603939
3697,sh603955
3698,sh603956
3699,sh603958
3700,sh603959
3701,sh603960
3702,sh603963
3703,sh603966
3704,sh603967
3705,sh603968
3706,sh603969
3707,sh603970
3708,sh603976
3709,sh603977
3710,sh603978
3711,sh603979
3712,sh603980
3713,sh603982
3714,sh603983
3715,sh603985
3716,sh603986
3717,sh603987
3718,sh603988
3719,sh603989
3720,sh603990
3721,sh603991
3722,sh603993
3723,sh603996
3724,sh603997
3725,sh603998
3726,sh603999
3727,sh688001
3728,sh688002
3729,sh688003
3730,sh688005
3731,sh688006
3732,sh688007
3733,sh688008
3734,sh688009
3735,sh688010
3736,sh688011
3737,sh688012
3738,sh688015
3739,sh688016
3740,sh688018
3741,sh688019
3742,sh688020
3743,sh688022
3744,sh688028
3745,sh688029
3746,sh688033
3747,sh688066
3748,sh688088
3749,sh688099
3750,sh688122
3751,sh688188
3752,sh688321
3753,sh688333
3754,sh688388
